龙虎武师,magnet:?xt=urn:btih:6ae9846168c4178a86e6b22d70deee895a0ac69d&dn=[电影天堂www.dytt89.com]龙虎武师-2020_HD国语中字.mp4&tr=http://t.t789.me:2710/announce&tr=http://t.t789.co:2710/announce&tr=http://t.t789.vip:2710/announce
Escape Room 2,magnet:?xt=urn:btih:f6492d09fbc4fd96a519f970a02bbcea320b1a17&dn=[电影天堂www.dytt89.com]密室逃生2-2021_HD中英双字.mp4&tr=http://t.t789.me:2710/announce&tr=http://t.t789.co:2710/announce&tr=http://t.t789.vip:2710/announce
白蛇2：青蛇劫起,magnet:?xt=urn:btih:a832bf067f9b88b7c73a0057532c514aebd55fc8&dn=[电影天堂www.dytt89.com]白蛇2：青蛇劫起-2021_HD国语中字.mp4&tr=http://t.t789.me:2710/announce&tr=http://t.t789.co:2710/announce&tr=http://t.t789.vip:2710/announce
刺杀小说家,magnet:?xt=urn:btih:2696ff56629257f266d99dff381f811cd5684c87&dn=[电影天堂www.dytt89.com]刺杀小说家-2021_BD国粤双语中字.mp4&tr=http://t.t789.me:2710/announce&tr=http://t.t789.co:2710/announce&tr=http://t.t789.vip:2710/announce
F9: The Fast Saga,magnet:?xt=urn:btih:ff405fccb8f7453df8ac2af9c006866c99c83e49&dn=[电影天堂www.dytt89.com]速度与激情9-2021_BD国英双语中字.mp4&tr=http://t.t789.me:2710/announce&tr=http://t.t789.co:2710/announce&tr=http://t.t789.vip:2710/announce
Raya and The Last Dragon,magnet:?xt=urn:btih:65c51f0fd74138fb0e8942d067bd736cdc500ebf&dn=[电影天堂www.dytt89.com]寻龙传说-2021_BD国英双语中英双字.mp4&tr=http://t.t789.me:2710/announce&tr=http://t.t789.co:2710/announce&tr=http://t.t789.vip:2710/announce
西游记之再世妖王,magnet:?xt=urn:btih:c957855662230d4e927f196ae25f50a406c0d871&dn=西游记之再世妖王-2021_HD国语中字.mp4&tr=http://t.t789.me:2710/announce&tr=http://t.t789.co:2710/announce&tr=http://t.t789.vip:2710/announce
Wrath of Man,magnet:?xt=urn:btih:41d394e533e9e0f0ffd46b7da41296f07aa4ce16&dn=[电影天堂www.dytt89.com]人之怒-2021_BD国英双语特效中英双字.mp4&tr=http://t.t789.me:2710/announce&tr=http://t.t789.co:2710/announce&tr=http://t.t789.vip:2710/announce
The Suicide Squad,magnet:?xt=urn:btih:491858f30daa9b0c727137f74244acecaabac5b9&dn=[电影天堂www.dytt89.com]X特遣队：全员集结-2021_BD特效中英双字.mp4&tr=http://t.t789.me:2710/announce&tr=http://t.t789.co:2710/announce&tr=http://t.t789.vip:2710/announce
人潮汹涌,magnet:?xt=urn:btih:f68ff14151560bde58f3e4709b1e7a3e9d309fb6&dn=[电影天堂www.dytt89.com]人潮汹涌-2021_BD国粤双语中字.mp4&tr=http://t.t789.me:2710/announce&tr=http://t.t789.co:2710/announce&tr=http://t.t789.vip:2710/announce
シン&#12539;エヴァンゲリオン���霭�:│��,magnet:?xt=urn:btih:aafd689da7a2b7aa340d995a4e8ea743eb34d527&dn=[电影天堂www.dytt89.com]新・福音战士剧场版：终-2021_BD国语中字.mp4&tr=http://t.t789.me:2710/announce&tr=http://t.t789.co:2710/announce&tr=http://t.t789.vip:2710/announce
Snake Eyes: G.I. Joe Origins,magnet:?xt=urn:btih:9daa0208b430b83565976b154afaa19b628467a6&dn=[电影天堂www.dytt89.com]特种部队：蛇眼起源-2021_BD中英双字.mp4&tr=http://t.t789.me:2710/announce&tr=http://t.t789.co:2710/announce&tr=http://t.t789.vip:2710/announce
STAND BY ME ドラえもん2,magnet:?xt=urn:btih:35c6652f69d73ae69d918cc9def27d7e83d239eb&dn=[电影天堂www.dytt89.com]哆啦A梦：伴我同行2-2021_BD国粤日三语中字.mp4&tr=http://t.t789.me:2710/announce&tr=http://t.t789.co:2710/announce&tr=http://t.t789.vip:2710/announce
A Quiet Place: Part II,magnet:?xt=urn:btih:884cb7db490f994d29cb17e34d4f06424af98368&dn=[电影天堂www.dytt89.com]寂静之地2-2021_BD中英双字V2.mp4&tr=http://t.t789.me:2710/announce&tr=http://t.t789.co:2710/announce&tr=http://t.t789.vip:2710/announce
るろうに��心 最�K章 The Final,magnet:?xt=urn:btih:6c0ab71135d68d997abaee48a61f96dc85fb8846&dn=[电影天堂www.dytt89.com]浪客剑心 最终章 人诛篇-2021_BD日语中字.mp4&tr=http://t.t789.me:2710/announce&tr=http://t.t789.co:2710/announce&tr=http://t.t789.vip:2710/announce
